{"cameraMode":{"drawMode":0,"name":"Shaded","section":"Shading Mode"},"sceneLighting":false,"audioPlay":false,"sceneViewState":{"m_AlwaysRefresh":false,"showFog":true,"showSkybox":false,"showFlares":true,"showImageEffects":true,"showParticleSystems":true,"showVisualEffectGraphs":true,"m_FxEnabled":true},"in2DMode":false,"pivot":{"x":2.1165409088134767,"y":1.2362289428710938,"z":-3.2699999809265138},"rotation":{"x":-0.000060162234149174765,"y":0.9998885989189148,"z":-0.0143976379185915,"w":-0.00420305086299777},"size":3.078234910964966,"orthographic":true}