{"cameraMode":{"drawMode":0,"name":"Shaded","section":"Shading Mode"},"sceneLighting":true,"audioPlay":false,"sceneViewState":{"m_AlwaysRefresh":false,"showFog":true,"showSkybox":true,"showFlares":true,"showImageEffects":true,"showParticleSystems":true,"showVisualEffectGraphs":true,"m_FxEnabled":true},"in2DMode":false,"pivot":{"x":-10.818361282348633,"y":5.011083126068115,"z":-22.753826141357423},"rotation":{"x":-0.1152411699295044,"y":0.007128485944122076,"z":-0.0008295537554658949,"w":-0.9933183789253235},"size":6.912741184234619,"orthographic":true}