{"cameraMode":{"drawMode":0,"name":"Shaded","section":"Shading Mode"},"sceneLighting":true,"audioPlay":false,"sceneViewState":{"m_AlwaysRefresh":false,"showFog":true,"showSkybox":true,"showFlares":true,"showImageEffects":true,"showParticleSystems":true,"showVisualEffectGraphs":true,"m_FxEnabled":true},"in2DMode":false,"pivot":{"x":-10.891931533813477,"y":5.1608781814575199,"z":1.8608465194702149},"rotation":{"x":0.20493870973587037,"y":-0.07389851659536362,"z":0.015518846921622754,"w":0.9758591651916504},"size":3.236013889312744,"orthographic":true}