{"cameraMode":{"drawMode":0,"name":"Shaded","section":"Shading Mode"},"sceneLighting":false,"audioPlay":false,"sceneViewState":{"m_AlwaysRefresh":false,"showFog":true,"showSkybox":false,"showFlares":true,"showImageEffects":true,"showParticleSystems":true,"showVisualEffectGraphs":true,"m_FxEnabled":true},"in2DMode":false,"pivot":{"x":1.6974990367889405,"y":2.657467842102051,"z":-2.6465601921081545},"rotation":{"x":0.09711837023496628,"y":-0.18490298092365266,"z":0.01836130954325199,"w":0.9777798652648926},"size":6.948860168457031,"orthographic":true}