{"cameraMode":{"drawMode":0,"name":"Shaded","section":"Shading Mode"},"sceneLighting":false,"audioPlay":false,"sceneViewState":{"m_AlwaysRefresh":false,"showFog":true,"showSkybox":false,"showFlares":true,"showImageEffects":true,"showParticleSystems":true,"showVisualEffectGraphs":true,"m_FxEnabled":true},"in2DMode":false,"pivot":{"x":-2.1100001335144045,"y":1.8797346353530884,"z":-12.229999542236329},"rotation":{"x":-0.0019977237097918989,"y":-0.9949108362197876,"z":0.09881922602653504,"w":-0.0200022105127573},"size":1.7236058712005616,"orthographic":true}