{"cameraMode":{"drawMode":0,"name":"Shaded","section":"Shading Mode"},"sceneLighting":false,"audioPlay":false,"sceneViewState":{"m_AlwaysRefresh":false,"showFog":true,"showSkybox":false,"showFlares":true,"showImageEffects":true,"showParticleSystems":true,"showVisualEffectGraphs":true,"m_FxEnabled":true},"in2DMode":false,"pivot":{"x":-1.9921766519546509,"y":2.6802005767822267,"z":-12.18240737915039},"rotation":{"x":0.007500746287405491,"y":0.0006005539908073843,"z":0.0000035710379506781466,"w":0.999982476234436},"size":0.7837362289428711,"orthographic":true}